date,macro_regime,fear_score,bear_score,bull_score,vix,skew,gex_b,vix_term_structure,macro_news_summary,macro_news_sentiment,top_opportunity,top_opportunity_score,top_opportunity_reason,avoid_names,overall_signal,ai_brief,voo_vgt_action
2026-06-16,negative_gex,2.0,2.0,4.0,16.41,142.66,-3.8,contango,"ETF vs. Mutual Fund: Which Is Better for Your Money in 2026?; Dow Hits Record High On Strong Banks And Industrial Stocks, Nasdaq And S&amp;P 500 Slip On Tech Weakness — SPCX, YUM, HOOD, RIVN, AAPL, SN",macro_fear,,0,,"AMZN,AAPL,NVDA",HOLD,"MACRO PICTURE: SPY GEX is negative at $-3.8B — dealers are short gamma. Market regime is unstable but not in free-fall. VIX is 16.4 (calm, rising trend over 5 days). Term structure in contango — calm, orderly vol curve. SKEW at 143 is elevated — smart money is actively buying tail protection. Not panic, but meaningful hedging activity. GEX has been negative 8 of the last 10 days — this is a prolonged negative regime, not a one-day event. Market headlines are dominated by macro fear themes (Fed, inflation, geopolitical) — this is broad market anxiety, not company-specific deterioration.

VOO/VGT ACTION: HOLD — No strong signal today. Market is in a mixed regime. Hold existing VOO/VGT positions. Wait for fear score to reach 6+ or bull score to confirm.

MAG 7 OPPORTUNITIES: AMZN AVOID — company-specific negative news detected: 'Market Chatter: Amazon.com Faces Potential FTC Ad Practices ...' Do not buy this dip until news clears. AAPL AVOID — company-specific negative news detected: 'Apple (AAPL) Faces Italy DMA Probe Over Cloud Interoperabili...' Do not buy this dip until news clears. NVDA AVOID — company-specific negative news detected: 'Stock Market Today, June 16: Nvidia, Broadcom, and Micron Te...' Do not buy this dip until news clears.

WATCH FOR: VIX pushing above 22-25 (currently 16.4, needs +5.6 pts) with GEX remaining negative would trigger a high-conviction buy zone. GEX flipping positive would confirm dealer stabilization — that's the technical all-clear for loading.

OVERALL SIGNAL: HOLD",HOLD — No strong signal today. Market is in a mixed regime. Hold existing VOO/VGT positions. Wait for fear score to reach 6+ or bull score to confirm.
