date,ticker,spot_price,rsi_14,ma_200,above_200ma,rsi_pct,iv_pct,pc_pct,iv_current,pc_ratio,gex_b,gex_regime,zero_gamma,call_wall,put_wall,opportunity_score,signal,signal_detail,conviction_score,tier,size_multiplier
2026-08-21,ECHO,86.80999755859375,52.15,106.86,False,0.0,0,,46.42,0.49,0.002,positive,86.31,100.0,85.0,6,"BUY — oversold, good loading zone","RSI extremely oversold (bottom 0% of own history) | Options cheap (IV bottom 0% of own history) | GEX positive — dealers providing support | Below 200MA — downtrend, scale in slowly",7.99,STRONG BUY,1.5
2026-08-21,KEY,21.8799991607666,34.34,21.21,True,0.0,0,,23.49,0.62,0.002,positive,18.67,25.0,20.0,7,"BUY — oversold, good loading zone",RSI extremely oversold (bottom 0% of own history) | Options cheap (IV bottom 0% of own history) | GEX positive — dealers providing support | Above 200MA — uptrend intact,9.99,STRONG BUY,1.5
2026-08-21,NEE,83.6500015258789,30.51,87.84,False,0.0,0,,19.9,0.85,-0.031,negative,86.33,90.0,83.0,6,"BUY — oversold, good loading zone","RSI extremely oversold (bottom 0% of own history) | Options cheap (IV bottom 0% of own history) | GEX negative — unstable, watch for stabilization | Below 200MA — downtrend, scale in slowly",3.99,BUY,1.0
2026-08-21,EQT,53.720001220703125,50.93,56.34,False,0.0,1,,29.04,0.81,0.004,positive,53.48,54.0,50.0,6,"BUY — oversold, good loading zone","RSI extremely oversold (bottom 0% of own history) | Options cheap (IV bottom 1% of own history) | GEX positive — dealers providing support | Below 200MA — downtrend, scale in slowly",7.93,STRONG BUY,1.5
2026-08-21,HBAN,17.030000686645508,42.53,16.92,True,0.0,1,,22.31,0.68,,unknown,16.55,19.0,16.0,6,"BUY — oversold, good loading zone",RSI extremely oversold (bottom 0% of own history) | Options cheap (IV bottom 1% of own history) | Above 200MA — uptrend intact,7.93,STRONG BUY,1.5
2026-08-21,PNC,243.1300048828125,35.61,221.74,True,0.0,1,,20.25,0.71,0.005,positive,234.56,260.0,230.0,7,"BUY — oversold, good loading zone",RSI extremely oversold (bottom 0% of own history) | Options cheap (IV bottom 1% of own history) | GEX positive — dealers providing support | Above 200MA — uptrend intact,9.93,STRONG BUY,1.5
2026-08-21,BAC,61.70000076293945,44.74,54.41,True,0.0,2,,20.92,1.11,0.069,positive,56.05,65.0,61.0,7,"BUY — oversold, good loading zone",RSI extremely oversold (bottom 0% of own history) | Options cheap (IV bottom 2% of own history) | GEX positive — dealers providing support | Above 200MA — uptrend intact,9.87,STRONG BUY,1.5
2026-08-21,KVUE,19.049999237060547,50.72,17.83,True,0.0,2,,19.94,0.3,0.012,positive,,20.0,18.5,7,"BUY — oversold, good loading zone",RSI extremely oversold (bottom 0% of own history) | Options cheap (IV bottom 2% of own history) | GEX positive — dealers providing support | Above 200MA — uptrend intact,9.87,STRONG BUY,1.5
2026-08-21,MTB,240.33999633789062,34.23,218.09,True,0.0,2,,21.49,0.36,0.003,positive,204.58,250.0,210.0,7,"BUY — oversold, good loading zone",RSI extremely oversold (bottom 0% of own history) | Options cheap (IV bottom 2% of own history) | GEX positive — dealers providing support | Above 200MA — uptrend intact,9.87,STRONG BUY,1.5
2026-08-21,TSLA,362.8599853515625,72.71,403.32,False,0.0,2,,39.99,0.74,1.0,positive,331.05,365.0,300.0,6,"BUY — oversold, good loading zone","RSI extremely oversold (bottom 0% of own history) | Options cheap (IV bottom 2% of own history) | GEX positive — dealers providing support | Below 200MA — downtrend, scale in slowly",7.87,STRONG BUY,1.5
2026-08-21,VST,136.2100067138672,26.13,159.83,False,0.0,3,,45.11,1.05,-0.037,negative,148.2,170.0,135.0,6,"BUY — oversold, good loading zone","RSI extremely oversold (bottom 0% of own history) | Options cheap (IV bottom 3% of own history) | GEX negative — unstable, watch for stabilization | Below 200MA — downtrend, scale in slowly",3.81,BUY,1.0
2026-08-21,WST,353.0799865722656,57.41,290.2,True,0.0,4,,30.11,0.97,,unknown,301.77,400.0,270.0,6,"BUY — oversold, good loading zone",RSI extremely oversold (bottom 0% of own history) | Options cheap (IV bottom 4% of own history) | Above 200MA — uptrend intact,7.75,STRONG BUY,1.5
2026-08-21,AFL,116.06099700927734,17.94,114.38,True,0.0,6,,17.43,0.69,0.002,positive,110.4,125.0,110.0,7,"BUY — oversold, good loading zone",RSI extremely oversold (bottom 0% of own history) | Options cheap (IV bottom 6% of own history) | GEX positive — dealers providing support | Above 200MA — uptrend intact,9.63,STRONG BUY,1.5
2026-08-21,SO,88.94000244140625,24.29,92.53,False,0.0,7,,16.47,0.86,-0.002,negative,90.1,100.0,87.5,6,"BUY — oversold, good loading zone","RSI extremely oversold (bottom 0% of own history) | Options cheap (IV bottom 7% of own history) | GEX negative — unstable, watch for stabilization | Below 200MA — downtrend, scale in slowly",3.57,BUY,1.0
2026-08-21,NCLH,17.239999771118164,30.85,19.96,False,0.0,8,,42.49,0.88,,unknown,17.49,25.0,17.0,5,"WATCH — setup building, not quite ready","RSI extremely oversold (bottom 0% of own history) | Options cheap (IV bottom 8% of own history) | Below 200MA — downtrend, scale in slowly",5.51,BUY,1.0
2026-08-21,ES,70.19499969482422,37.8,70.29,False,0.0,9,,18.63,0.42,,unknown,65.66,75.0,70.0,5,"WATCH — setup building, not quite ready","RSI extremely oversold (bottom 0% of own history) | Options cheap (IV bottom 9% of own history) | Below 200MA — downtrend, scale in slowly",5.46,BUY,1.0
2026-08-21,AIG,76.12999725341797,33.42,77.41,False,0.0,10,,21.08,1.19,,unknown,74.44,80.0,72.5,5,"WATCH — setup building, not quite ready","RSI extremely oversold (bottom 0% of own history) | Options cheap (IV bottom 10% of own history) | Below 200MA — downtrend, scale in slowly",5.4,BUY,1.0
2026-08-21,CVS,93.01499938964844,21.23,85.74,True,0.0,10,,27.02,0.95,-0.017,negative,93.5,100.0,92.5,7,"BUY — oversold, good loading zone","RSI extremely oversold (bottom 0% of own history) | Options cheap (IV bottom 10% of own history) | GEX negative — unstable, watch for stabilization | Above 200MA — uptrend intact",5.4,BUY,1.0
2026-08-21,EXC,43.779998779296875,33.39,46.03,False,0.0,11,,18.2,0.61,,unknown,43.47,50.0,43.0,5,"WATCH — setup building, not quite ready","RSI extremely oversold (bottom 0% of own history) | Options cheap (IV bottom 11% of own history) | Below 200MA — downtrend, scale in slowly",5.34,BUY,1.0
2026-08-21,HIG,136.05999755859375,30.37,135.86,True,0.0,11,,19.5,0.29,0.002,positive,125.28,160.0,135.0,7,"BUY — oversold, good loading zone",RSI extremely oversold (bottom 0% of own history) | Options cheap (IV bottom 11% of own history) | GEX positive — dealers providing support | Above 200MA — uptrend intact,9.34,STRONG BUY,1.5
2026-08-21,VMC,276.0400085449219,43.16,289.34,False,0.0,11,,25.55,0.71,,unknown,267.35,310.0,240.0,5,"WATCH — setup building, not quite ready","RSI extremely oversold (bottom 0% of own history) | Options cheap (IV bottom 11% of own history) | Below 200MA — downtrend, scale in slowly",5.34,BUY,1.0
2026-08-21,CFG,69.86100006103516,35.37,63.09,True,0.0,12,,26.3,0.43,0.002,positive,,70.0,65.0,7,"BUY — oversold, good loading zone",RSI extremely oversold (bottom 0% of own history) | Options cheap (IV bottom 12% of own history) | GEX positive — dealers providing support | Above 200MA — uptrend intact,9.28,STRONG BUY,1.5
2026-08-21,JPM,351.57000732421875,48.54,316.07,True,0.0,12,,20.48,0.87,0.115,positive,322.29,360.0,347.5,7,"BUY — oversold, good loading zone",RSI extremely oversold (bottom 0% of own history) | Options cheap (IV bottom 12% of own history) | GEX positive — dealers providing support | Above 200MA — uptrend intact,9.28,STRONG BUY,1.5
2026-08-21,PEG,72.61000061035156,25.58,80.4,False,0.0,12,,19.84,0.89,-0.002,negative,74.5,85.0,70.0,6,"BUY — oversold, good loading zone","RSI extremely oversold (bottom 0% of own history) | Options cheap (IV bottom 12% of own history) | GEX negative — unstable, watch for stabilization | Below 200MA — downtrend, scale in slowly",3.28,BUY,1.0
2026-08-21,RL,372.5899963378906,44.53,364.93,True,0.0,12,,31.87,1.46,-0.006,negative,391.42,450.0,370.0,7,"BUY — oversold, good loading zone","RSI extremely oversold (bottom 0% of own history) | Options cheap (IV bottom 12% of own history) | GEX negative — unstable, watch for stabilization | Above 200MA — uptrend intact",5.28,BUY,1.0
2026-08-21,RJF,175.1999969482422,44.65,159.53,True,0.0,12,,24.03,0.22,0.009,positive,,180.0,145.0,7,"BUY — oversold, good loading zone",RSI extremely oversold (bottom 0% of own history) | Options cheap (IV bottom 12% of own history) | GEX positive — dealers providing support | Above 200MA — uptrend intact,9.28,STRONG BUY,1.5
2026-08-21,HONA,164.72999572753906,31.35,207.85,False,0.0,13,,47.58,1.18,-0.002,negative,175.33,165.0,160.0,6,"BUY — oversold, good loading zone","RSI extremely oversold (bottom 0% of own history) | Options cheap (IV bottom 13% of own history) | GEX negative — unstable, watch for stabilization | Below 200MA — downtrend, scale in slowly",3.22,BUY,1.0
2026-08-21,MET,94.33999633789062,42.69,81.03,True,0.0,13,,21.65,1.45,0.005,positive,88.15,95.0,77.5,7,"BUY — oversold, good loading zone",RSI extremely oversold (bottom 0% of own history) | Options cheap (IV bottom 13% of own history) | GEX positive — dealers providing support | Above 200MA — uptrend intact,9.22,STRONG BUY,1.5
2026-08-21,TFC,50.41999816894531,37.94,49.38,True,0.0,13,,23.15,0.77,0.003,positive,48.87,55.0,50.0,7,"BUY — oversold, good loading zone",RSI extremely oversold (bottom 0% of own history) | Options cheap (IV bottom 13% of own history) | GEX positive — dealers providing support | Above 200MA — uptrend intact,9.22,STRONG BUY,1.5
2026-08-21,AEE,106.11000061035156,33.72,107.69,False,0.0,14,,17.4,0.24,,unknown,,115.0,105.0,5,"WATCH — setup building, not quite ready","RSI extremely oversold (bottom 0% of own history) | Options cheap (IV bottom 14% of own history) | Below 200MA — downtrend, scale in slowly",5.16,BUY,1.0
2026-08-21,GE,348.44000244140625,37.85,319.65,True,0.0,14,,28.41,0.83,-0.027,negative,351.7,400.0,350.0,7,"BUY — oversold, good loading zone","RSI extremely oversold (bottom 0% of own history) | Options cheap (IV bottom 14% of own history) | GEX negative — unstable, watch for stabilization | Above 200MA — uptrend intact",5.16,BUY,1.0
2026-08-21,D,66.5999984741211,35.91,63.84,True,0.0,15,,18.68,0.45,0.005,positive,,72.5,62.5,7,"BUY — oversold, good loading zone",RSI extremely oversold (bottom 0% of own history) | Options cheap (IV bottom 15% of own history) | GEX positive — dealers providing support | Above 200MA — uptrend intact,9.1,STRONG BUY,1.5
2026-08-21,MNST,47.790000915527344,49.89,79.02,False,0.0,15,,23.58,0.46,0.005,positive,,48.75,46.25,6,"BUY — oversold, good loading zone","RSI extremely oversold (bottom 0% of own history) | Options cheap (IV bottom 15% of own history) | GEX positive — dealers providing support | Below 200MA — downtrend, scale in slowly",7.1,STRONG BUY,1.5
2026-08-21,REGN,834.0399780273438,78.71,724.45,True,0.0,15,,27.46,0.77,0.023,positive,,850.0,790.0,7,"BUY — oversold, good loading zone",RSI extremely oversold (bottom 0% of own history) | Options cheap (IV bottom 15% of own history) | GEX positive — dealers providing support | Above 200MA — uptrend intact,9.1,STRONG BUY,1.5
2026-08-21,BKNG,209.6199951171875,68.73,185.67,True,0.0,17,,34.56,0.72,0.054,positive,,220.0,176.0,7,"BUY — oversold, good loading zone",RSI extremely oversold (bottom 0% of own history) | Options cheap (IV bottom 17% of own history) | GEX positive — dealers providing support | Above 200MA — uptrend intact,8.98,STRONG BUY,1.5
2026-08-21,CCL,25.719999313354492,29.81,27.88,False,0.0,17,,41.07,1.27,-0.011,negative,28.37,35.0,24.0,6,"BUY — oversold, good loading zone","RSI extremely oversold (bottom 0% of own history) | Options cheap (IV bottom 17% of own history) | GEX negative — unstable, watch for stabilization | Below 200MA — downtrend, scale in slowly",2.98,HOLD / NEUTRAL,0.0
2026-08-21,SPG,218.2899932861328,29.28,200.22,True,0.0,17,,19.59,1.14,0.003,positive,214.6,230.0,210.0,7,"BUY — oversold, good loading zone",RSI extremely oversold (bottom 0% of own history) | Options cheap (IV bottom 17% of own history) | GEX positive — dealers providing support | Above 200MA — uptrend intact,8.98,STRONG BUY,1.5
2026-08-21,AMZN,258.6300048828125,24.52,238.33,True,0.0,18,,27.99,0.69,0.715,positive,229.08,260.0,257.5,7,"BUY — oversold, good loading zone",RSI extremely oversold (bottom 0% of own history) | Options cheap (IV bottom 18% of own history) | GEX positive — dealers providing support | Above 200MA — uptrend intact,8.92,STRONG BUY,1.5
2026-08-21,STE,237.92999267578125,59.42,234.19,True,0.0,18,,28.42,0.78,0.001,positive,232.01,240.0,230.0,7,"BUY — oversold, good loading zone",RSI extremely oversold (bottom 0% of own history) | Options cheap (IV bottom 18% of own history) | GEX positive — dealers providing support | Above 200MA — uptrend intact,8.92,STRONG BUY,1.5
2026-08-21,TPR,130.1699981689453,25.61,137.25,False,0.0,18,,34.48,0.79,-0.003,negative,124.77,135.0,130.0,6,"BUY — oversold, good loading zone","RSI extremely oversold (bottom 0% of own history) | Options cheap (IV bottom 18% of own history) | GEX negative — unstable, watch for stabilization | Below 200MA — downtrend, scale in slowly",2.92,HOLD / NEUTRAL,0.0
2026-08-21,MMM,178.9499969482422,54.52,160.51,True,100.0,7,,22.8,,,not_scanned,,,,,,,-0.43,HOLD / NEUTRAL,0.0
2026-08-21,AOS,63.060001373291016,57.98,65.44,False,0.0,90,,32.37,,,not_scanned,,,,,,,0.6,HOLD / NEUTRAL,0.0
2026-08-21,ABT,116.62999725341797,80.66,107.08,True,100.0,71,,25.61,,,not_scanned,,,,,,,-4.26,REDUCE / AVOID NEW,0.0
2026-08-21,ABBV,264.94000244140625,74.34,226.56,True,0.0,52,,24.96,,,not_scanned,,,,,,,4.88,BUY,1.0
2026-08-21,ACN,185.24000549316406,72.42,205.74,False,100.0,81,,44.29,,,not_scanned,,,,,,,-6.86,REDUCE / AVOID NEW,0.0
2026-08-21,ADBE,275.29998779296875,63.97,270.43,True,100.0,82,,49.3,,,not_scanned,,,,,,,-4.92,REDUCE / AVOID NEW,0.0
2026-08-21,AMD,473.25,47.11,329.86,True,100.0,68,,57.69,,,not_scanned,,,,,,,-4.08,REDUCE / AVOID NEW,0.0
2026-08-21,AES,14.765000343322754,59.02,14.55,True,100.0,60,,42.54,,,not_scanned,,,,,,,-3.6,REDUCE / AVOID NEW,0.0
2026-08-21,A,158.94000244140625,89.0,131.3,True,0.0,88,,37.03,,,not_scanned,,,,,,,2.72,HOLD / NEUTRAL,0.0
2026-08-21,APD,305.1300048828125,63.64,279.98,True,0.0,34,,24.68,,,not_scanned,,,,,,,5.96,BUY,1.0
2026-08-21,ABNB,187.3000030517578,78.63,136.17,True,100.0,13,,30.72,,,not_scanned,,,,,,,-0.78,HOLD / NEUTRAL,0.0
2026-08-21,AKAM,110.41999816894531,42.62,108.4,True,0.0,68,,49.25,,,not_scanned,,,,,,,3.92,BUY,0.75
2026-08-21,ALB,143.26499938964844,79.72,155.0,False,100.0,10,,47.87,,,not_scanned,,,,,,,-2.6,HOLD / NEUTRAL,0.0
2026-08-21,ARE,53.5099983215332,51.17,50.19,True,100.0,64,,35.47,,,not_scanned,,,,,,,-3.84,REDUCE / AVOID NEW,0.0
2026-08-21,ALGN,162.5500030517578,40.07,169.49,False,100.0,2,,34.89,,,not_scanned,,,,,,,-2.13,HOLD / NEUTRAL,0.0
2026-08-21,ALLE,162.35000610351562,51.92,151.48,True,0.0,38,,27.57,,,not_scanned,,,,,,,5.72,BUY,1.0
2026-08-21,LNT,67.86000061035156,30.2,70.39,False,0.0,61,,21.38,,,not_scanned,,,,,,,2.34,HOLD / NEUTRAL,0.0
2026-08-21,ALL,253.80999755859375,42.16,219.0,True,0.0,24,,23.59,,,not_scanned,,,,,,,6.56,BUY,1.0
2026-08-21,GOOGL,344.82000732421875,25.6,333.03,True,0.0,20,,28.05,,,not_scanned,,,,,,,6.8,BUY,1.0
2026-08-21,GOOG,341.75,20.63,332.06,True,0.0,28,,28.97,,,not_scanned,,,,,,,6.32,BUY,1.0
2026-08-21,MO,66.08000183105469,41.43,65.84,True,100.0,77,,22.38,,,not_scanned,,,,,,,-4.62,REDUCE / AVOID NEW,0.0
2026-08-21,AMCR,48.599998474121094,64.02,42.51,True,100.0,40,,26.62,,,not_scanned,,,,,,,-2.4,HOLD / NEUTRAL,0.0
2026-08-21,AEP,120.94000244140625,26.59,126.81,False,100.0,54,,20.11,,,not_scanned,,,,,,,-5.24,REDUCE / AVOID NEW,0.0
2026-08-21,AXP,335.9549865722656,40.2,338.7,False,100.0,12,,23.84,,,not_scanned,,,,,,,-2.72,HOLD / NEUTRAL,0.0
2026-08-21,AMT,175.77000427246094,54.51,177.88,False,0.0,66,,26.32,,,not_scanned,,,,,,,2.04,HOLD / NEUTRAL,0.0
2026-08-21,AWK,135.42999267578125,62.01,131.12,True,0.0,19,,20.84,,,not_scanned,,,,,,,6.86,BUY,1.0
2026-08-21,AMP,555.6599731445312,52.57,482.63,True,0.0,95,,34.12,,,not_scanned,,,,,,,2.31,HOLD / NEUTRAL,0.0
2026-08-21,AME,239.57000732421875,45.12,223.88,True,100.0,23,,22.77,,,not_scanned,,,,,,,-1.38,HOLD / NEUTRAL,0.0
2026-08-21,AMGN,439.3299865722656,81.91,352.83,True,100.0,35,,25.03,,,not_scanned,,,,,,,-2.1,HOLD / NEUTRAL,0.0
2026-08-21,APH,157.0,43.34,144.61,True,0.0,74,,44.31,,,not_scanned,,,,,,,3.56,BUY,0.75
2026-08-21,ADI,373.0899963378906,57.23,341.76,True,0.0,88,,45.74,,,not_scanned,,,,,,,2.72,HOLD / NEUTRAL,0.0
2026-08-21,AON,355.1600036621094,47.2,337.57,True,100.0,74,,28.77,,,not_scanned,,,,,,,-4.44,REDUCE / AVOID NEW,0.0
2026-08-21,APA,43.38999938964844,71.68,32.62,True,0.0,26,,40.16,,,not_scanned,,,,,,,6.44,BUY,1.0
2026-08-21,APO,132.6999969482422,53.62,127.62,True,100.0,35,,34.54,,,not_scanned,,,,,,,-2.1,HOLD / NEUTRAL,0.0
2026-08-21,AAPL,309.3500061035156,56.78,281.5,True,100.0,17,,22.63,,,not_scanned,,,,,,,-1.02,HOLD / NEUTRAL,0.0
2026-08-21,AMAT,492.32000732421875,43.96,395.51,True,0.0,78,,55.07,,,not_scanned,,,,,,,3.32,BUY,0.75
2026-08-21,APP,305.7699890136719,22.14,500.17,False,100.0,21,,56.86,,,not_scanned,,,,,,,-3.26,REDUCE / AVOID NEW,0.0
2026-08-21,APTV,48.279998779296875,29.87,68.14,False,0.0,73,,43.06,,,not_scanned,,,,,,,1.62,HOLD / NEUTRAL,0.0
2026-08-21,ACGL,99.38999938964844,40.29,95.64,True,0.0,21,,23.89,,,not_scanned,,,,,,,6.74,BUY,1.0
2026-08-21,ADM,80.29000091552734,56.75,70.92,True,0.0,64,,29.27,,,not_scanned,,,,,,,4.16,BUY,0.75
2026-08-21,ARES,141.27499389648438,53.35,133.72,True,100.0,64,,39.71,,,not_scanned,,,,,,,-3.84,REDUCE / AVOID NEW,0.0
2026-08-21,ANET,188.6699981689453,52.35,149.06,True,100.0,58,,52.48,,,not_scanned,,,,,,,-3.48,REDUCE / AVOID NEW,0.0
2026-08-21,AJG,263.885009765625,71.0,233.33,True,100.0,75,,32.18,,,not_scanned,,,,,,,-4.5,REDUCE / AVOID NEW,0.0
2026-08-21,AIZ,283.80999755859375,51.34,242.73,True,0.0,45,,28.99,,,not_scanned,,,,,,,5.3,BUY,1.0
2026-08-21,T,25.309999465942383,73.24,25.11,True,100.0,58,,24.24,,,not_scanned,,,,,,,-3.48,REDUCE / AVOID NEW,0.0
2026-08-21,ATO,166.88999938964844,26.74,176.0,False,0.0,24,,18.15,,,not_scanned,,,,,,,4.56,BUY,1.0
2026-08-21,ADSK,253.8249969482422,64.61,249.45,True,100.0,98,,56.45,,,not_scanned,,,,,,,-5.87,REDUCE / AVOID NEW,0.0
2026-08-21,ADP,280.80999755859375,62.12,235.62,True,100.0,83,,30.68,,,not_scanned,,,,,,,-4.98,REDUCE / AVOID NEW,0.0
2026-08-21,AZO,2959.469970703125,46.39,3420.26,False,100.0,100,,32.88,,,not_scanned,,,,,,,-7.99,STRONG AVOID / EXIT,0.0
2026-08-21,AVY,183.6999969482422,73.43,172.91,True,0.0,19,,23.36,,,not_scanned,,,,,,,6.86,BUY,1.0
2026-08-21,AXON,627.75,56.75,506.76,True,0.0,73,,58.28,,,not_scanned,,,,,,,3.62,BUY,0.75
2026-08-21,BKR,62.34000015258789,56.38,57.74,True,0.0,66,,34.15,,,not_scanned,,,,,,,4.04,BUY,0.75
2026-08-21,BALL,63.61000061035156,40.0,58.31,True,100.0,47,,29.1,,,not_scanned,,,,,,,-2.82,HOLD / NEUTRAL,0.0
2026-08-21,BAX,26.350000381469727,33.94,19.95,True,100.0,71,,45.8,,,not_scanned,,,,,,,-4.26,REDUCE / AVOID NEW,0.0
2026-08-21,BDX,191.97000122070312,85.28,157.66,True,100.0,66,,28.6,,,not_scanned,,,,,,,-3.96,REDUCE / AVOID NEW,0.0
2026-08-21,BRK-B,495.7699890136719,36.64,492.12,True,0.0,,,,,,not_scanned,,,,,,,5.0,BUY,1.0
2026-08-21,BBY,85.87999725341797,51.38,71.09,True,0.0,89,,49.12,,,not_scanned,,,,,,,2.66,HOLD / NEUTRAL,0.0
2026-08-21,TECH,72.31999969482422,54.79,60.35,True,100.0,1,,25.23,,,not_scanned,,,,,,,-0.07,HOLD / NEUTRAL,0.0
2026-08-21,BIIB,216.77999877929688,66.69,187.99,True,0.0,57,,38.26,,,not_scanned,,,,,,,4.58,BUY,1.0
2026-08-21,BLK,1156.175048828125,59.36,1055.29,True,0.0,44,,23.23,,,not_scanned,,,,,,,5.36,BUY,1.0
2026-08-21,BX,143.3699951171875,60.18,130.94,True,0.0,62,,34.63,,,not_scanned,,,,,,,4.28,BUY,0.75
2026-08-21,XYZ,82.16000366210938,50.16,67.98,True,100.0,0,,38.86,,,not_scanned,,,,,,,-0.01,HOLD / NEUTRAL,0.0
2026-08-21,BNY,158.4600067138672,55.62,130.27,True,0.0,20,,22.37,,,not_scanned,,,,,,,6.8,BUY,1.0
2026-08-21,BA,214.1999969482422,26.32,219.52,False,100.0,9,,29.87,,,not_scanned,,,,,,,-2.54,HOLD / NEUTRAL,0.0
2026-08-21,BSX,50.38999938964844,57.74,69.43,False,0.0,85,,39.94,,,not_scanned,,,,,,,0.9,HOLD / NEUTRAL,0.0
2026-08-21,BMY,67.01499938964844,55.35,57.14,True,0.0,37,,27.03,,,not_scanned,,,,,,,5.78,BUY,1.0
2026-08-21,AVGO,368.45001220703125,39.22,369.2,False,100.0,53,,47.06,,,not_scanned,,,,,,,-5.18,REDUCE / AVOID NEW,0.0
2026-08-21,BR,182.11000061035156,73.9,179.2,True,100.0,68,,34.32,,,not_scanned,,,,,,,-4.08,REDUCE / AVOID NEW,0.0
2026-08-21,BRO,72.9000015258789,55.98,69.78,True,100.0,87,,37.04,,,not_scanned,,,,,,,-5.22,REDUCE / AVOID NEW,0.0
2026-08-21,BF-B,28.43000030517578,56.46,27.24,True,100.0,,,,,,not_scanned,,,,,,,-3.0,REDUCE / AVOID NEW,0.0
2026-08-21,BLDR,70.20500183105469,46.42,92.13,False,0.0,84,,59.8,,,not_scanned,,,,,,,0.96,HOLD / NEUTRAL,0.0
2026-08-21,BG,113.06999969482422,69.13,113.16,False,0.0,40,,28.54,,,not_scanned,,,,,,,3.6,BUY,1.0
2026-08-21,BXP,67.6500015258789,38.14,63.66,True,100.0,22,,28.07,,,not_scanned,,,,,,,-1.32,HOLD / NEUTRAL,0.0
2026-08-21,CHRW,141.6300048828125,42.27,172.92,False,0.0,70,,36.51,,,not_scanned,,,,,,,1.8,HOLD / NEUTRAL,0.0
2026-08-21,CDNS,319.0199890136719,30.82,327.08,False,100.0,64,,40.95,,,not_scanned,,,,,,,-5.84,REDUCE / AVOID NEW,0.0
2026-08-21,CPT,107.58999633789062,39.2,107.1,True,100.0,18,,21.85,,,not_scanned,,,,,,,-1.08,HOLD / NEUTRAL,0.0
2026-08-21,COF,217.97999572753906,50.39,207.6,True,100.0,15,,28.35,,,not_scanned,,,,,,,-0.9,HOLD / NEUTRAL,0.0
2026-08-21,CAH,229.50999450683594,41.57,213.92,True,100.0,38,,26.17,,,not_scanned,,,,,,,-2.28,HOLD / NEUTRAL,0.0
2026-08-21,CARR,60.369998931884766,34.91,61.26,False,0.0,41,,31.23,,,not_scanned,,,,,,,3.54,BUY,1.0
2026-08-21,CVNA,69.87999725341797,55.39,72.49,False,100.0,33,,58.67,,,not_scanned,,,,,,,-3.98,REDUCE / AVOID NEW,0.0
2026-08-21,CASY,835.739990234375,43.26,714.77,True,100.0,87,,36.89,,,not_scanned,,,,,,,-5.22,REDUCE / AVOID NEW,0.0
2026-08-21,CAT,827.9099731445312,49.5,761.1,True,0.0,74,,37.79,,,not_scanned,,,,,,,3.56,BUY,0.75
2026-08-21,CBOE,301.2049865722656,52.31,282.85,True,100.0,88,,33.31,,,not_scanned,,,,,,,-5.28,REDUCE / AVOID NEW,0.0
2026-08-21,CBRE,151.97000122070312,54.75,147.38,True,100.0,40,,30.94,,,not_scanned,,,,,,,-2.4,HOLD / NEUTRAL,0.0
2026-08-21,CDW,137.25,40.19,131.61,True,0.0,81,,43.07,,,not_scanned,,,,,,,3.14,BUY,0.5
2026-08-21,COR,318.0199890136719,56.18,323.54,False,100.0,75,,30.24,,,not_scanned,,,,,,,-6.5,REDUCE / AVOID NEW,0.0
2026-08-21,CNC,64.99539947509766,53.01,48.86,True,100.0,47,,41.23,,,not_scanned,,,,,,,-2.82,HOLD / NEUTRAL,0.0
2026-08-21,CNP,38.76499938964844,17.9,41.46,False,100.0,1,,17.34,,,not_scanned,,,,,,,-2.07,HOLD / NEUTRAL,0.0
2026-08-21,CF,129.57000732421875,66.13,105.7,True,0.0,66,,36.96,,,not_scanned,,,,,,,4.04,BUY,0.75
2026-08-21,CRL,295.3399963378906,86.63,194.03,True,0.0,57,,48.01,,,not_scanned,,,,,,,4.58,BUY,1.0
2026-08-21,SCHW,112.29499816894531,75.41,96.67,True,100.0,1,,21.87,,,not_scanned,,,,,,,-0.07,HOLD / NEUTRAL,0.0
2026-08-21,CHTR,150.1699981689453,54.67,185.19,False,0.0,78,,53.74,,,not_scanned,,,,,,,1.32,HOLD / NEUTRAL,0.0
2026-08-21,CVX,205.25999450683594,68.82,178.59,True,0.0,59,,23.62,,,not_scanned,,,,,,,4.46,BUY,1.0
2026-08-21,CMG,36.880001068115234,47.69,34.52,True,100.0,48,,36.87,,,not_scanned,,,,,,,-2.88,HOLD / NEUTRAL,0.0
2026-08-21,CB,341.0,39.35,323.77,True,0.0,88,,25.0,,,not_scanned,,,,,,,2.72,HOLD / NEUTRAL,0.0
2026-08-21,CHD,98.80999755859375,45.66,94.15,True,100.0,19,,20.72,,,not_scanned,,,,,,,-1.14,HOLD / NEUTRAL,0.0
2026-08-21,CIEN,396.05999755859375,51.3,368.69,True,0.0,91,,88.94,,,not_scanned,,,,,,,2.54,HOLD / NEUTRAL,0.0
2026-08-21,CI,277.4700012207031,46.07,278.81,False,100.0,18,,25.69,,,not_scanned,,,,,,,-3.08,REDUCE / AVOID NEW,0.0
2026-08-21,CINF,168.2899932861328,21.69,166.89,True,0.0,97,,34.34,,,not_scanned,,,,,,,2.19,HOLD / NEUTRAL,0.0
2026-08-21,CTAS,203.7899932861328,49.47,185.98,True,100.0,82,,30.52,,,not_scanned,,,,,,,-4.92,REDUCE / AVOID NEW,0.0
2026-08-21,CSCO,111.04000091552734,42.52,92.93,True,0.0,73,,31.24,,,not_scanned,,,,,,,3.62,BUY,0.75
2026-08-21,C,131.66000366210938,46.19,121.53,True,100.0,30,,27.29,,,not_scanned,,,,,,,-1.8,HOLD / NEUTRAL,0.0
2026-08-21,CLX,106.66999816894531,70.07,103.47,True,0.0,72,,30.27,,,not_scanned,,,,,,,3.68,BUY,0.75
2026-08-21,CME,274.9800109863281,61.05,278.54,False,100.0,78,,24.14,,,not_scanned,,,,,,,-6.68,REDUCE / AVOID NEW,0.0
2026-08-21,CMS,68.2699966430664,28.71,73.8,False,0.0,74,,21.37,,,not_scanned,,,,,,,1.56,HOLD / NEUTRAL,0.0
2026-08-21,KO,91.09500122070312,78.48,77.49,True,100.0,38,,16.87,,,not_scanned,,,,,,,-2.28,HOLD / NEUTRAL,0.0
2026-08-21,CTSH,61.869998931884766,74.67,63.27,False,100.0,89,,44.26,,,not_scanned,,,,,,,-7.34,STRONG AVOID / EXIT,0.0
2026-08-21,COHR,289.31549072265625,50.2,269.83,True,100.0,71,,81.52,,,not_scanned,,,,,,,-4.26,REDUCE / AVOID NEW,0.0
2026-08-21,COIN,186.49000549316406,74.94,198.53,False,100.0,19,,62.85,,,not_scanned,,,,,,,-3.14,REDUCE / AVOID NEW,0.0
2026-08-21,CL,91.06999969482422,54.71,87.1,True,100.0,61,,22.07,,,not_scanned,,,,,,,-3.66,REDUCE / AVOID NEW,0.0
2026-08-21,CMCSA,26.850000381469727,73.42,26.87,False,100.0,60,,29.57,,,not_scanned,,,,,,,-5.6,REDUCE / AVOID NEW,0.0
2026-08-21,FIX,1655.18505859375,39.67,1460.43,True,0.0,95,,60.56,,,not_scanned,,,,,,,2.31,HOLD / NEUTRAL,0.0
2026-08-21,COP,134.9250030517578,76.66,110.51,True,0.0,39,,27.26,,,not_scanned,,,,,,,5.66,BUY,1.0
2026-08-21,ED,106.3499984741211,42.09,106.87,False,0.0,19,,17.45,,,not_scanned,,,,,,,4.86,BUY,1.0
2026-08-21,STZ,135.66000366210938,57.71,145.05,False,100.0,40,,27.95,,,not_scanned,,,,,,,-4.4,REDUCE / AVOID NEW,0.0
2026-08-21,CEG,272.8800048828125,49.29,299.84,False,100.0,13,,43.26,,,not_scanned,,,,,,,-2.78,HOLD / NEUTRAL,0.0
2026-08-21,COO,76.22000122070312,60.35,73.35,True,100.0,86,,41.0,,,not_scanned,,,,,,,-5.16,REDUCE / AVOID NEW,0.0
2026-08-21,CPRT,33.79999923706055,77.1,34.87,False,0.0,96,,41.7,,,not_scanned,,,,,,,0.25,HOLD / NEUTRAL,0.0
2026-08-21,GLW,149.8498992919922,51.78,140.63,True,0.0,80,,65.43,,,not_scanned,,,,,,,3.2,BUY,0.5
2026-08-21,CPAY,417.2200012207031,68.95,330.28,True,0.0,56,,31.26,,,not_scanned,,,,,,,4.64,BUY,1.0
2026-08-21,CTVA,81.7699966430664,71.46,76.34,True,100.0,20,,24.94,,,not_scanned,,,,,,,-1.2,HOLD / NEUTRAL,0.0
2026-08-21,CSGP,32.2599983215332,59.13,45.55,False,0.0,80,,51.49,,,not_scanned,,,,,,,1.2,HOLD / NEUTRAL,0.0
2026-08-21,COST,947.739990234375,47.11,959.29,False,100.0,28,,21.53,,,not_scanned,,,,,,,-3.68,REDUCE / AVOID NEW,0.0
2026-08-21,CRH,95.08000183105469,41.46,112.41,False,0.0,51,,33.19,,,not_scanned,,,,,,,2.94,HOLD / NEUTRAL,0.0
2026-08-21,CRWD,191.9499969482422,42.86,138.79,True,100.0,89,,61.47,,,not_scanned,,,,,,,-5.34,REDUCE / AVOID NEW,0.0
2026-08-21,CCI,75.51399993896484,45.71,85.53,False,100.0,80,,28.8,,,not_scanned,,,,,,,-6.8,REDUCE / AVOID NEW,0.0
2026-08-21,CSX,51.59000015258789,68.33,42.4,True,100.0,25,,23.41,,,not_scanned,,,,,,,-1.5,HOLD / NEUTRAL,0.0
2026-08-21,CMI,587.5549926757812,24.47,595.04,False,0.0,75,,35.1,,,not_scanned,,,,,,,1.5,HOLD / NEUTRAL,0.0
2026-08-21,DHR,218.8699951171875,72.86,202.97,True,100.0,53,,29.22,,,not_scanned,,,,,,,-3.18,REDUCE / AVOID NEW,0.0
2026-08-21,DRI,221.60000610351562,65.93,199.18,True,100.0,67,,30.75,,,not_scanned,,,,,,,-4.02,REDUCE / AVOID NEW,0.0
2026-08-21,DDOG,235.6199951171875,38.51,174.27,True,100.0,63,,55.93,,,not_scanned,,,,,,,-3.78,REDUCE / AVOID NEW,0.0
2026-08-21,DVA,173.80499267578125,10.91,161.2,True,0.0,65,,39.63,,,not_scanned,,,,,,,4.1,BUY,0.75
2026-08-21,DECK,91.6500015258789,32.55,102.28,False,100.0,49,,42.74,,,not_scanned,,,,,,,-4.94,REDUCE / AVOID NEW,0.0
2026-08-21,DE,647.72998046875,63.78,558.98,True,0.0,88,,36.74,,,not_scanned,,,,,,,2.72,HOLD / NEUTRAL,0.0
2026-08-21,DELL,441.8800048828125,52.85,237.07,True,100.0,87,,75.55,,,not_scanned,,,,,,,-5.22,REDUCE / AVOID NEW,0.0
2026-08-21,DAL,82.41999816894531,27.25,73.09,True,100.0,10,,34.18,,,not_scanned,,,,,,,-0.6,HOLD / NEUTRAL,0.0
2026-08-21,DVN,49.099998474121094,68.61,42.82,True,0.0,36,,33.04,,,not_scanned,,,,,,,5.84,BUY,1.0
2026-08-21,DXCM,92.33999633789062,62.72,69.32,True,100.0,24,,40.52,,,not_scanned,,,,,,,-1.44,HOLD / NEUTRAL,0.0
2026-08-21,FANG,210.72000122070312,62.4,178.01,True,100.0,43,,32.78,,,not_scanned,,,,,,,-2.58,HOLD / NEUTRAL,0.0
2026-08-21,DLR,190.72300720214844,49.25,177.71,True,0.0,33,,26.97,,,not_scanned,,,,,,,6.02,BUY,1.0
2026-08-21,DG,123.37999725341797,40.47,124.81,False,100.0,90,,54.22,,,not_scanned,,,,,,,-7.4,STRONG AVOID / EXIT,0.0
2026-08-21,DLTR,131.47999572753906,55.67,115.78,True,100.0,79,,52.31,,,not_scanned,,,,,,,-4.74,REDUCE / AVOID NEW,0.0
2026-08-21,DPZ,341.8500061035156,32.68,367.74,False,100.0,70,,32.3,,,not_scanned,,,,,,,-6.2,REDUCE / AVOID NEW,0.0
2026-08-21,DASH,223.49000549316406,75.9,187.52,True,100.0,50,,44.86,,,not_scanned,,,,,,,-3.0,REDUCE / AVOID NEW,0.0
2026-08-21,DOV,201.97000122070312,40.42,209.22,False,100.0,84,,32.0,,,not_scanned,,,,,,,-7.04,STRONG AVOID / EXIT,0.0
2026-08-21,DOW,32.34000015258789,63.75,31.07,True,0.0,47,,38.32,,,not_scanned,,,,,,,5.18,BUY,1.0
2026-08-21,DHI,148.2899932861328,51.67,149.76,False,0.0,70,,39.13,,,not_scanned,,,,,,,1.8,HOLD / NEUTRAL,0.0
2026-08-21,DTE,135.22000122070312,29.51,141.53,False,0.0,59,,20.85,,,not_scanned,,,,,,,2.46,HOLD / NEUTRAL,0.0
2026-08-21,DUK,119.8499984741211,35.1,124.41,False,0.0,71,,18.97,,,not_scanned,,,,,,,1.74,HOLD / NEUTRAL,0.0
2026-08-21,DD,138.35000610351562,44.58,135.87,True,0.0,41,,27.83,,,not_scanned,,,,,,,5.54,BUY,1.0
2026-08-21,ETN,419.25,38.91,379.2,True,0.0,58,,39.26,,,not_scanned,,,,,,,4.52,BUY,1.0
2026-08-21,EBAY,104.12999725341797,44.36,97.6,True,0.0,60,,33.33,,,not_scanned,,,,,,,4.4,BUY,0.75
2026-08-21,ECL,281.6050109863281,53.24,271.58,True,100.0,71,,26.44,,,not_scanned,,,,,,,-4.26,REDUCE / AVOID NEW,0.0
2026-08-21,EIX,71.58999633789062,50.36,68.12,True,100.0,73,,32.83,,,not_scanned,,,,,,,-4.38,REDUCE / AVOID NEW,0.0
2026-08-21,EW,89.80000305175781,53.8,84.65,True,100.0,23,,27.88,,,not_scanned,,,,,,,-1.38,HOLD / NEUTRAL,0.0
2026-08-21,ELV,400.55999755859375,63.02,355.16,True,0.0,28,,28.45,,,not_scanned,,,,,,,6.32,BUY,1.0
2026-08-21,EME,775.8900146484375,38.38,753.88,True,0.0,89,,44.51,,,not_scanned,,,,,,,2.66,HOLD / NEUTRAL,0.0
2026-08-21,EMR,157.27000427246094,53.59,141.56,True,100.0,63,,29.24,,,not_scanned,,,,,,,-3.78,REDUCE / AVOID NEW,0.0
2026-08-21,ETR,104.5999984741211,37.7,104.98,False,0.0,59,,23.43,,,not_scanned,,,,,,,2.46,HOLD / NEUTRAL,0.0
2026-08-21,EOG,153.05999755859375,59.92,126.74,True,100.0,73,,31.72,,,not_scanned,,,,,,,-4.38,REDUCE / AVOID NEW,0.0
2026-08-21,EFX,192.64999389648438,70.46,188.73,True,100.0,83,,43.32,,,not_scanned,,,,,,,-4.98,REDUCE / AVOID NEW,0.0
2026-08-21,EQIX,1065.3900146484375,60.13,949.15,True,0.0,68,,28.89,,,not_scanned,,,,,,,3.92,BUY,0.75
2026-08-21,ERIE,264.8500061035156,72.3,255.6,True,100.0,76,,40.1,,,not_scanned,,,,,,,-4.56,REDUCE / AVOID NEW,0.0
2026-08-21,ESS,289.2650146484375,55.32,265.7,True,100.0,72,,28.7,,,not_scanned,,,,,,,-4.32,REDUCE / AVOID NEW,0.0
2026-08-21,EL,101.94000244140625,75.93,91.59,True,100.0,81,,52.55,,,not_scanned,,,,,,,-4.86,REDUCE / AVOID NEW,0.0
2026-08-21,EG,369.94000244140625,47.84,340.09,True,100.0,4,,22.06,,,not_scanned,,,,,,,-0.25,HOLD / NEUTRAL,0.0
2026-08-21,EVRG,80.91999816894531,36.52,80.4,True,100.0,30,,17.96,,,not_scanned,,,,,,,-1.8,HOLD / NEUTRAL,0.0
2026-08-21,EXE,96.08999633789062,54.1,101.93,False,100.0,70,,31.6,,,not_scanned,,,,,,,-6.2,REDUCE / AVOID NEW,0.0
2026-08-21,EXPE,321.6300048828125,63.49,255.18,True,0.0,51,,41.59,,,not_scanned,,,,,,,4.94,BUY,1.0
2026-08-21,EXPD,187.76499938964844,75.89,156.2,True,100.0,68,,31.59,,,not_scanned,,,,,,,-4.08,REDUCE / AVOID NEW,0.0
2026-08-21,EXR,146.8125,37.06,140.84,True,100.0,67,,28.95,,,not_scanned,,,,,,,-4.02,REDUCE / AVOID NEW,0.0
2026-08-21,XOM,165.11000061035156,68.93,142.56,True,100.0,73,,25.96,,,not_scanned,,,,,,,-4.38,REDUCE / AVOID NEW,0.0
2026-08-21,FFIV,384.6300048828125,38.7,319.5,True,0.0,79,,41.98,,,not_scanned,,,,,,,3.26,BUY,0.75
2026-08-21,FDS,299.8500061035156,70.53,247.86,True,100.0,74,,48.58,,,not_scanned,,,,,,,-4.44,REDUCE / AVOID NEW,0.0
2026-08-21,FICO,1172.4720458984375,66.47,1334.94,False,100.0,93,,57.53,,,not_scanned,,,,,,,-7.57,STRONG AVOID / EXIT,0.0
2026-08-21,FAST,51.2599983215332,71.2,44.92,True,100.0,46,,25.91,,,not_scanned,,,,,,,-2.76,HOLD / NEUTRAL,0.0
2026-08-21,FRT,116.68000030517578,23.17,110.16,True,100.0,69,,25.09,,,not_scanned,,,,,,,-4.14,REDUCE / AVOID NEW,0.0
2026-08-21,FDX,325.1499938964844,64.5,285.79,True,0.0,26,,27.02,,,not_scanned,,,,,,,6.44,BUY,1.0
2026-08-21,FDXF,137.3699951171875,48.1,153.17,False,100.0,68,,51.61,,,not_scanned,,,,,,,-6.08,REDUCE / AVOID NEW,0.0
2026-08-21,FERG,242.25999450683594,42.35,240.62,True,100.0,61,,34.57,,,not_scanned,,,,,,,-3.66,REDUCE / AVOID NEW,0.0
2026-08-21,FIS,41.33000183105469,32.52,50.79,False,100.0,76,,36.97,,,not_scanned,,,,,,,-6.56,REDUCE / AVOID NEW,0.0
2026-08-21,FITB,54.810001373291016,34.61,50.3,True,100.0,24,,25.83,,,not_scanned,,,,,,,-1.44,HOLD / NEUTRAL,0.0
2026-08-21,FSLR,214.27999877929688,38.91,233.58,False,0.0,35,,53.99,,,not_scanned,,,,,,,3.9,BUY,1.0
2026-08-21,FE,45.959999084472656,21.48,47.52,False,0.0,56,,19.07,,,not_scanned,,,,,,,2.64,HOLD / NEUTRAL,0.0
2026-08-21,FISV,52.58000183105469,44.68,58.87,False,100.0,63,,40.49,,,not_scanned,,,,,,,-5.78,REDUCE / AVOID NEW,0.0
2026-08-21,FLEX,110.44999694824219,42.77,92.47,True,0.0,86,,63.27,,,not_scanned,,,,,,,2.84,HOLD / NEUTRAL,0.0
2026-08-21,F,14.40999984741211,49.71,13.46,True,0.0,79,,35.12,,,not_scanned,,,,,,,3.26,BUY,0.75
2026-08-21,FTNT,153.50999450683594,39.89,106.18,True,100.0,67,,45.08,,,not_scanned,,,,,,,-4.02,REDUCE / AVOID NEW,0.0
2026-08-21,FTV,60.06999969482422,53.92,57.69,True,100.0,66,,31.31,,,not_scanned,,,,,,,-3.96,REDUCE / AVOID NEW,0.0
2026-08-21,FOXA,68.54000091552734,79.15,63.32,True,100.0,83,,35.18,,,not_scanned,,,,,,,-4.98,REDUCE / AVOID NEW,0.0
2026-08-21,FOX,61.04999923706055,77.64,56.88,True,100.0,26,,28.19,,,not_scanned,,,,,,,-1.56,HOLD / NEUTRAL,0.0
2026-08-21,BEN,34.31999969482422,39.4,27.95,True,100.0,59,,28.54,,,not_scanned,,,,,,,-3.54,REDUCE / AVOID NEW,0.0
2026-08-21,FCX,76.68000030517578,73.02,59.15,True,100.0,71,,46.35,,,not_scanned,,,,,,,-4.26,REDUCE / AVOID NEW,0.0
2026-08-21,GRMN,294.9150085449219,39.26,234.18,True,0.0,68,,33.37,,,not_scanned,,,,,,,3.92,BUY,0.75
2026-08-21,IT,195.91000366210938,76.67,179.37,True,100.0,76,,53.34,,,not_scanned,,,,,,,-4.56,REDUCE / AVOID NEW,0.0
2026-08-21,GEHC,74.81999969482422,74.45,72.84,True,100.0,33,,29.0,,,not_scanned,,,,,,,-1.98,HOLD / NEUTRAL,0.0
2026-08-21,GEV,956.6400146484375,40.02,868.06,True,0.0,27,,46.84,,,not_scanned,,,,,,,6.38,BUY,1.0
2026-08-21,GEN,28.93000030517578,55.26,24.4,True,100.0,57,,32.64,,,not_scanned,,,,,,,-3.42,REDUCE / AVOID NEW,0.0
2026-08-21,GNRC,206.00999450683594,53.29,206.69,False,0.0,75,,53.93,,,not_scanned,,,,,,,1.5,HOLD / NEUTRAL,0.0
2026-08-21,GD,384.2099914550781,52.04,353.15,True,100.0,47,,21.79,,,not_scanned,,,,,,,-2.82,HOLD / NEUTRAL,0.0
2026-08-21,GIS,39.979000091552734,75.84,40.22,False,100.0,83,,30.26,,,not_scanned,,,,,,,-6.98,REDUCE / AVOID NEW,0.0
2026-08-21,GM,87.94000244140625,50.78,79.05,True,100.0,23,,30.53,,,not_scanned,,,,,,,-1.38,HOLD / NEUTRAL,0.0
2026-08-21,GPC,133.91000366210938,62.06,119.29,True,100.0,70,,30.52,,,not_scanned,,,,,,,-4.2,REDUCE / AVOID NEW,0.0
2026-08-21,GILD,146.1199951171875,73.12,133.06,True,0.0,34,,26.03,,,not_scanned,,,,,,,5.96,BUY,1.0
2026-08-21,GPN,93.48999786376953,67.02,74.87,True,0.0,59,,40.55,,,not_scanned,,,,,,,4.46,BUY,1.0
2026-08-21,GL,171.1300048828125,23.81,151.92,True,100.0,30,,30.44,,,not_scanned,,,,,,,-1.8,HOLD / NEUTRAL,0.0
2026-08-21,GDDY,97.05000305175781,63.66,97.77,False,100.0,83,,50.55,,,not_scanned,,,,,,,-6.98,REDUCE / AVOID NEW,0.0
2026-08-21,GS,1039.4100341796875,53.37,936.36,True,0.0,46,,27.81,,,not_scanned,,,,,,,5.24,BUY,1.0
2026-08-21,HAL,35.31999969482422,70.06,34.36,True,100.0,30,,33.29,,,not_scanned,,,,,,,-1.8,HOLD / NEUTRAL,0.0
2026-08-21,HAS,93.54000091552734,57.47,88.76,True,0.0,59,,32.28,,,not_scanned,,,,,,,4.46,BUY,1.0
2026-08-21,HCA,429.1700134277344,65.72,454.72,False,0.0,62,,32.33,,,not_scanned,,,,,,,2.28,HOLD / NEUTRAL,0.0
2026-08-21,DOC,21.385000228881836,46.56,18.44,True,100.0,28,,21.86,,,not_scanned,,,,,,,-1.68,HOLD / NEUTRAL,0.0
2026-08-21,HSIC,88.5,60.27,78.19,True,100.0,73,,35.35,,,not_scanned,,,,,,,-4.38,REDUCE / AVOID NEW,0.0
2026-08-21,HSY,186.4550018310547,66.6,192.09,False,100.0,52,,27.84,,,not_scanned,,,,,,,-5.12,REDUCE / AVOID NEW,0.0
2026-08-21,HPE,53.459999084472656,58.36,31.77,True,100.0,93,,73.19,,,not_scanned,,,,,,,-5.57,REDUCE / AVOID NEW,0.0
2026-08-21,HLT,326.6600036621094,59.37,310.26,True,100.0,44,,27.57,,,not_scanned,,,,,,,-2.64,HOLD / NEUTRAL,0.0
2026-08-21,HD,335.7049865722656,46.74,346.04,False,0.0,72,,27.73,,,not_scanned,,,,,,,1.68,HOLD / NEUTRAL,0.0
2026-08-21,HON,215.89999389648438,22.58,229.43,False,0.0,89,,31.93,,,not_scanned,,,,,,,0.66,HOLD / NEUTRAL,0.0
2026-08-21,HRL,23.889999389648438,26.24,23.43,True,100.0,95,,35.68,,,not_scanned,,,,,,,-5.69,REDUCE / AVOID NEW,0.0
2026-08-21,HST,23.209999084472656,28.73,20.68,True,100.0,86,,31.23,,,not_scanned,,,,,,,-5.16,REDUCE / AVOID NEW,0.0
2026-08-21,HWM,271.7099914550781,35.71,242.79,True,0.0,19,,31.26,,,not_scanned,,,,,,,6.86,BUY,1.0
2026-08-21,HPQ,29.704999923706055,62.19,22.59,True,0.0,98,,56.28,,,not_scanned,,,,,,,2.13,HOLD / NEUTRAL,0.0
2026-08-21,HUBB,470.1570129394531,47.78,485.08,False,0.0,84,,38.4,,,not_scanned,,,,,,,0.96,HOLD / NEUTRAL,0.0
2026-08-21,HUM,378.7799987792969,52.42,272.46,True,0.0,41,,43.9,,,not_scanned,,,,,,,5.54,BUY,1.0
2026-08-21,HII,298.32000732421875,26.08,348.99,False,100.0,38,,31.2,,,not_scanned,,,,,,,-4.28,REDUCE / AVOID NEW,0.0
2026-08-21,IBM,235.61669921875,60.43,266.0,False,0.0,75,,35.91,,,not_scanned,,,,,,,1.5,HOLD / NEUTRAL,0.0
2026-08-21,IEX,234.42999267578125,52.93,202.84,True,100.0,48,,29.95,,,not_scanned,,,,,,,-2.88,HOLD / NEUTRAL,0.0
2026-08-21,IDXX,556.9299926757812,45.94,615.1,False,100.0,49,,30.04,,,not_scanned,,,,,,,-4.94,REDUCE / AVOID NEW,0.0
2026-08-21,ITW,282.2950134277344,38.85,265.28,True,0.0,79,,24.8,,,not_scanned,,,,,,,3.26,BUY,0.75
2026-08-21,INCY,127.80999755859375,74.48,103.65,True,0.0,43,,38.6,,,not_scanned,,,,,,,5.42,BUY,1.0
2026-08-21,IR,80.53500366210938,25.58,82.0,False,0.0,69,,35.15,,,not_scanned,,,,,,,1.86,HOLD / NEUTRAL,0.0
2026-08-21,PODD,148.16000366210938,35.47,219.16,False,0.0,66,,47.53,,,not_scanned,,,,,,,2.04,HOLD / NEUTRAL,0.0
2026-08-21,INTC,90.06999969482422,48.86,71.51,True,0.0,72,,66.06,,,not_scanned,,,,,,,3.68,BUY,0.75
2026-08-21,IBKR,93.87000274658203,63.44,77.65,True,100.0,39,,36.36,,,not_scanned,,,,,,,-2.34,HOLD / NEUTRAL,0.0
2026-08-21,ICE,161.27000427246094,78.34,154.66,True,100.0,80,,26.31,,,not_scanned,,,,,,,-4.8,REDUCE / AVOID NEW,0.0
2026-08-21,IFF,84.27999877929688,58.73,73.53,True,0.0,29,,29.7,,,not_scanned,,,,,,,6.26,BUY,1.0
2026-08-21,IP,41.47999954223633,50.17,38.32,True,0.0,71,,37.79,,,not_scanned,,,,,,,3.74,BUY,0.75
2026-08-21,INTU,367.0,71.95,442.47,False,100.0,97,,62.5,,,not_scanned,,,,,,,-7.81,STRONG AVOID / EXIT,0.0
2026-08-21,ISRG,378.80999755859375,51.91,473.15,False,0.0,47,,30.98,,,not_scanned,,,,,,,3.18,BUY,1.0
2026-08-21,IVZ,32.02000045776367,60.78,26.78,True,100.0,58,,34.15,,,not_scanned,,,,,,,-3.48,REDUCE / AVOID NEW,0.0
2026-08-21,INVH,30.104999542236328,42.72,27.83,True,100.0,34,,21.77,,,not_scanned,,,,,,,-2.04,HOLD / NEUTRAL,0.0
2026-08-21,IQV,260.07000732421875,71.88,199.52,True,100.0,65,,41.36,,,not_scanned,,,,,,,-3.9,REDUCE / AVOID NEW,0.0
2026-08-21,IRM,121.98999786376953,46.19,108.58,True,0.0,53,,32.25,,,not_scanned,,,,,,,4.82,BUY,1.0
2026-08-21,JBHT,275.45001220703125,57.57,232.63,True,100.0,79,,39.76,,,not_scanned,,,,,,,-4.74,REDUCE / AVOID NEW,0.0
2026-08-21,JBL,313.1449890136719,48.15,288.05,True,0.0,82,,54.34,,,not_scanned,,,,,,,3.08,BUY,0.5
2026-08-21,JKHY,166.1999969482422,63.63,159.6,True,100.0,83,,35.69,,,not_scanned,,,,,,,-4.98,REDUCE / AVOID NEW,0.0
2026-08-21,J,150.06500244140625,73.99,132.95,True,100.0,56,,30.72,,,not_scanned,,,,,,,-3.36,REDUCE / AVOID NEW,0.0
2026-08-21,JNJ,270.2950134277344,71.66,231.81,True,0.0,74,,21.78,,,not_scanned,,,,,,,3.56,BUY,0.75
2026-08-21,JCI,143.0500030517578,44.9,133.64,True,0.0,62,,31.24,,,not_scanned,,,,,,,4.28,BUY,0.75
2026-08-21,KDP,32.040000915527344,57.75,28.85,True,100.0,45,,23.0,,,not_scanned,,,,,,,-2.7,HOLD / NEUTRAL,0.0
2026-08-21,KEYS,316.1099853515625,47.3,281.52,True,0.0,92,,53.14,,,not_scanned,,,,,,,2.49,HOLD / NEUTRAL,0.0
2026-08-21,KMB,109.30999755859375,54.2,102.93,True,0.0,55,,22.01,,,not_scanned,,,,,,,4.7,BUY,1.0
2026-08-21,KIM,24.020000457763672,22.53,22.86,True,100.0,28,,21.28,,,not_scanned,,,,,,,-1.68,HOLD / NEUTRAL,0.0
2026-08-21,KMI,30.979999542236328,46.35,30.83,True,100.0,32,,21.82,,,not_scanned,,,,,,,-1.92,HOLD / NEUTRAL,0.0
2026-08-21,KKR,108.4800033569336,52.67,106.26,True,0.0,49,,36.69,,,not_scanned,,,,,,,5.06,BUY,1.0
2026-08-21,KLAC,183.99000549316406,50.86,168.52,True,0.0,90,,58.51,,,not_scanned,,,,,,,2.6,HOLD / NEUTRAL,0.0
2026-08-21,KHC,25.579999923706055,42.81,23.98,True,100.0,44,,23.54,,,not_scanned,,,,,,,-2.64,HOLD / NEUTRAL,0.0
2026-08-21,KR,57.91999816894531,48.07,64.39,False,100.0,87,,33.65,,,not_scanned,,,,,,,-7.22,STRONG AVOID / EXIT,0.0
2026-08-21,LHX,266.6199951171875,40.5,315.57,False,0.0,61,,27.09,,,not_scanned,,,,,,,2.34,HOLD / NEUTRAL,0.0
2026-08-21,LH,336.2200012207031,84.43,271.87,True,0.0,39,,26.77,,,not_scanned,,,,,,,5.66,BUY,1.0
2026-08-21,LRCX,314.0,57.14,253.59,True,100.0,76,,61.44,,,not_scanned,,,,,,,-4.56,REDUCE / AVOID NEW,0.0
2026-08-21,LVS,47.029998779296875,48.16,55.2,False,100.0,14,,31.02,,,not_scanned,,,,,,,-2.84,HOLD / NEUTRAL,0.0
2026-08-21,LDOS,141.5,75.69,156.03,False,100.0,55,,32.62,,,not_scanned,,,,,,,-5.3,REDUCE / AVOID NEW,0.0
2026-08-21,LEN,87.01000213623047,53.38,100.17,False,100.0,61,,40.8,,,not_scanned,,,,,,,-5.66,REDUCE / AVOID NEW,0.0
2026-08-21,LII,402.8924865722656,34.41,502.86,False,0.0,97,,46.39,,,not_scanned,,,,,,,0.19,HOLD / NEUTRAL,0.0
2026-08-21,LLY,1254.77001953125,69.44,1052.98,True,0.0,19,,30.47,,,not_scanned,,,,,,,6.86,BUY,1.0
2026-08-21,LIN,487.57000732421875,56.51,477.24,True,0.0,75,,24.43,,,not_scanned,,,,,,,3.5,BUY,0.75
2026-08-21,LYV,181.9199981689453,50.37,158.39,True,100.0,8,,29.37,,,not_scanned,,,,,,,-0.49,HOLD / NEUTRAL,0.0
2026-08-21,LMT,563.5700073242188,42.22,552.52,True,0.0,47,,23.51,,,not_scanned,,,,,,,5.18,BUY,1.0
2026-08-21,L,109.83000183105469,8.09,108.49,True,0.0,92,,35.04,,,not_scanned,,,,,,,2.49,HOLD / NEUTRAL,0.0
2026-08-21,LOW,216.08999633789062,55.03,237.52,False,0.0,94,,35.43,,,not_scanned,,,,,,,0.37,HOLD / NEUTRAL,0.0
2026-08-21,LULU,121.06999969482422,45.92,155.27,False,100.0,76,,51.33,,,not_scanned,,,,,,,-6.56,REDUCE / AVOID NEW,0.0
2026-08-21,LITE,866.7100219726562,56.22,652.62,True,0.0,72,,84.93,,,not_scanned,,,,,,,3.68,BUY,0.75
2026-08-21,LYB,67.53500366210938,68.14,59.47,True,0.0,56,,37.71,,,not_scanned,,,,,,,4.64,BUY,1.0
2026-08-21,MPC,360.7200012207031,75.97,232.71,True,0.0,91,,42.05,,,not_scanned,,,,,,,2.54,HOLD / NEUTRAL,0.0
2026-08-21,MAR,356.3900146484375,59.54,341.73,True,100.0,16,,24.26,,,not_scanned,,,,,,,-0.96,HOLD / NEUTRAL,0.0
2026-08-21,MRSH,191.99000549316406,47.98,177.45,True,100.0,90,,29.87,,,not_scanned,,,,,,,-5.4,REDUCE / AVOID NEW,0.0
2026-08-21,MLM,534.8499755859375,46.85,605.39,False,0.0,55,,27.65,,,not_scanned,,,,,,,2.7,HOLD / NEUTRAL,0.0
2026-08-21,MRVL,237.0399932861328,64.96,145.07,True,0.0,87,,84.24,,,not_scanned,,,,,,,2.78,HOLD / NEUTRAL,0.0
2026-08-21,MAS,73.29000091552734,45.83,69.07,True,0.0,52,,31.23,,,not_scanned,,,,,,,4.88,BUY,1.0
2026-08-21,MA,580.5499877929688,58.13,528.42,True,100.0,35,,20.46,,,not_scanned,,,,,,,-2.1,HOLD / NEUTRAL,0.0
2026-08-21,MKC,55.349998474121094,71.74,57.65,False,0.0,85,,33.02,,,not_scanned,,,,,,,0.9,HOLD / NEUTRAL,0.0
2026-08-21,MCD,270.95001220703125,58.85,297.95,False,100.0,54,,19.92,,,not_scanned,,,,,,,-5.24,REDUCE / AVOID NEW,0.0
2026-08-21,MCK,858.9000244140625,57.34,840.68,True,0.0,55,,26.61,,,not_scanned,,,,,,,4.7,BUY,1.0
2026-08-21,MDT,93.3499984741211,74.61,89.8,True,100.0,93,,29.15,,,not_scanned,,,,,,,-5.57,REDUCE / AVOID NEW,0.0
2026-08-21,MRK,152.5399932861328,86.65,115.3,True,0.0,30,,24.86,,,not_scanned,,,,,,,6.2,BUY,1.0
2026-08-21,META,549.9000244140625,31.29,624.13,False,0.0,51,,33.41,,,not_scanned,,,,,,,2.94,HOLD / NEUTRAL,0.0
2026-08-21,MTD,1395.25,32.61,1321.53,True,0.0,37,,22.78,,,not_scanned,,,,,,,5.78,BUY,1.0
2026-08-21,MGM,43.7400016784668,44.15,39.1,True,100.0,3,,29.92,,,not_scanned,,,,,,,-0.19,HOLD / NEUTRAL,0.0
2026-08-21,MCHP,76.08000183105469,51.18,76.51,False,0.0,50,,45.58,,,not_scanned,,,,,,,3.0,BUY,1.0
2026-08-21,MU,966.780029296875,68.75,571.1,True,0.0,59,,64.23,,,not_scanned,,,,,,,4.46,BUY,1.0
2026-08-21,MSFT,483.239990234375,46.98,431.31,True,100.0,49,,24.27,,,not_scanned,,,,,,,-2.94,HOLD / NEUTRAL,0.0
2026-08-21,MAA,131.30999755859375,43.34,132.21,False,0.0,61,,24.72,,,not_scanned,,,,,,,2.34,HOLD / NEUTRAL,0.0
2026-08-21,MRNA,145.1300048828125,74.71,48.73,True,0.0,43,,69.74,,,not_scanned,,,,,,,5.42,BUY,1.0
2026-08-21,TAP,42.939998626708984,55.36,44.32,False,100.0,26,,24.78,,,not_scanned,,,,,,,-3.56,REDUCE / AVOID NEW,0.0
2026-08-21,MDLZ,64.44999694824219,66.87,58.81,True,100.0,45,,21.96,,,not_scanned,,,,,,,-2.7,HOLD / NEUTRAL,0.0
2026-08-21,MPWR,1316.280029296875,46.38,1235.02,True,0.0,71,,52.76,,,not_scanned,,,,,,,3.74,BUY,0.75
2026-08-21,MCO,503.3299865722656,64.79,472.09,True,100.0,63,,25.8,,,not_scanned,,,,,,,-3.78,REDUCE / AVOID NEW,0.0
2026-08-21,MS,214.2050018310547,53.9,188.42,True,100.0,57,,29.0,,,not_scanned,,,,,,,-3.42,REDUCE / AVOID NEW,0.0
2026-08-21,MOS,24.40999984741211,66.13,24.57,False,0.0,65,,42.35,,,not_scanned,,,,,,,2.1,HOLD / NEUTRAL,0.0
2026-08-21,MSI,480.4700012207031,68.1,417.99,True,0.0,41,,25.29,,,not_scanned,,,,,,,5.54,BUY,1.0
2026-08-21,MSCI,563.489990234375,42.7,573.42,False,0.0,59,,27.55,,,not_scanned,,,,,,,2.46,HOLD / NEUTRAL,0.0
2026-08-21,NDAQ,98.22000122070312,72.47,89.82,True,100.0,81,,29.12,,,not_scanned,,,,,,,-4.86,REDUCE / AVOID NEW,0.0
2026-08-21,NTAP,192.27000427246094,58.97,126.87,True,0.0,98,,58.27,,,not_scanned,,,,,,,2.13,HOLD / NEUTRAL,0.0
2026-08-21,NFLX,79.58999633789062,68.26,88.42,False,100.0,52,,33.66,,,not_scanned,,,,,,,-5.12,REDUCE / AVOID NEW,0.0
2026-08-21,NEM,131.5800018310547,84.61,106.36,True,0.0,61,,42.54,,,not_scanned,,,,,,,4.34,BUY,0.75
2026-08-21,NWSA,30.3799991607666,71.33,25.98,True,100.0,56,,31.17,,,not_scanned,,,,,,,-3.36,REDUCE / AVOID NEW,0.0
2026-08-21,NWS,34.54999923706055,70.97,29.6,True,0.0,63,,37.19,,,not_scanned,,,,,,,4.22,BUY,0.75
2026-08-21,NKE,40.7599983215332,41.45,52.61,False,100.0,45,,34.54,,,not_scanned,,,,,,,-4.7,REDUCE / AVOID NEW,0.0
2026-08-21,NI,40.630001068115234,19.24,45.16,False,0.0,37,,20.81,,,not_scanned,,,,,,,3.78,BUY,1.0
2026-08-21,NDSN,332.239990234375,75.86,274.58,True,0.0,54,,31.24,,,not_scanned,,,,,,,4.76,BUY,1.0
2026-08-21,NSC,350.7200012207031,66.6,306.06,True,100.0,42,,26.03,,,not_scanned,,,,,,,-2.52,HOLD / NEUTRAL,0.0
2026-08-21,NTRS,183.89999389648438,53.87,155.6,True,0.0,62,,29.32,,,not_scanned,,,,,,,4.28,BUY,0.75
2026-08-21,NOC,551.030029296875,51.07,604.32,False,0.0,71,,27.75,,,not_scanned,,,,,,,1.74,HOLD / NEUTRAL,0.0
2026-08-21,NRG,113.11000061035156,29.15,149.42,False,0.0,52,,45.9,,,not_scanned,,,,,,,2.88,HOLD / NEUTRAL,0.0
2026-08-21,NUE,243.6300048828125,36.34,200.61,True,100.0,27,,33.34,,,not_scanned,,,,,,,-1.62,HOLD / NEUTRAL,0.0
2026-08-21,NVDA,214.72000122070312,59.48,195.29,True,0.0,27,,39.41,,,not_scanned,,,,,,,6.38,BUY,1.0
2026-08-21,NVR,6358.509765625,56.25,6852.42,False,0.0,,,,,,not_scanned,,,,,,,3.0,BUY,1.0
2026-08-21,NXPI,225.55999755859375,51.17,242.59,False,100.0,80,,46.37,,,not_scanned,,,,,,,-6.8,REDUCE / AVOID NEW,0.0
2026-08-21,ORLY,89.11000061035156,47.31,92.61,False,0.0,94,,33.07,,,not_scanned,,,,,,,0.37,HOLD / NEUTRAL,0.0
2026-08-21,OXY,61.29999923706055,73.19,51.48,True,0.0,40,,30.9,,,not_scanned,,,,,,,5.6,BUY,1.0
2026-08-21,ODFL,206.47000122070312,44.85,193.7,True,100.0,59,,39.24,,,not_scanned,,,,,,,-3.54,REDUCE / AVOID NEW,0.0
2026-08-21,OMC,87.54000091552734,74.25,77.37,True,100.0,57,,29.49,,,not_scanned,,,,,,,-3.42,REDUCE / AVOID NEW,0.0
2026-08-21,ON,74.20999908447266,38.18,77.1,False,0.0,67,,55.56,,,not_scanned,,,,,,,1.98,HOLD / NEUTRAL,0.0
2026-08-21,OKE,93.33000183105469,64.47,83.6,True,0.0,43,,26.62,,,not_scanned,,,,,,,5.42,BUY,1.0
2026-08-21,ORCL,146.47000122070312,54.56,173.07,False,0.0,83,,61.96,,,not_scanned,,,,,,,1.02,HOLD / NEUTRAL,0.0
2026-08-21,OTIS,71.48999786376953,46.75,80.92,False,0.0,31,,20.74,,,not_scanned,,,,,,,4.14,BUY,1.0
2026-08-21,PCAR,131.02999877929688,47.53,118.42,True,0.0,60,,30.34,,,not_scanned,,,,,,,4.4,BUY,0.75
2026-08-21,PKG,252.7899932861328,52.56,221.18,True,0.0,70,,31.89,,,not_scanned,,,,,,,3.8,BUY,0.75
2026-08-21,PLTR,179.94000244140625,79.02,151.51,True,100.0,7,,46.56,,,not_scanned,,,,,,,-0.43,HOLD / NEUTRAL,0.0
2026-08-21,PANW,357.8699951171875,54.48,226.0,True,0.0,88,,54.94,,,not_scanned,,,,,,,2.72,HOLD / NEUTRAL,0.0
2026-08-21,PSKY,10.350000381469727,88.73,11.24,False,100.0,21,,53.32,,,not_scanned,,,,,,,-3.26,REDUCE / AVOID NEW,0.0
2026-08-21,PH,1001.739990234375,51.18,928.01,True,100.0,68,,28.35,,,not_scanned,,,,,,,-4.08,REDUCE / AVOID NEW,0.0
2026-08-21,PAYX,124.4749984741211,64.57,103.39,True,100.0,78,,30.73,,,not_scanned,,,,,,,-4.68,REDUCE / AVOID NEW,0.0
2026-08-21,PYPL,61.54999923706055,67.66,51.45,True,0.0,65,,38.82,,,not_scanned,,,,,,,4.1,BUY,0.75
2026-08-21,PNR,64.4000015258789,42.04,87.99,False,0.0,89,,37.72,,,not_scanned,,,,,,,0.66,HOLD / NEUTRAL,0.0
2026-08-21,PEP,143.47999572753906,62.91,148.95,False,100.0,43,,20.41,,,not_scanned,,,,,,,-4.58,REDUCE / AVOID NEW,0.0
2026-08-21,PFE,28.065000534057617,77.92,25.99,True,100.0,11,,20.94,,,not_scanned,,,,,,,-0.66,HOLD / NEUTRAL,0.0
2026-08-21,PCG,17.600000381469727,52.33,16.8,True,100.0,93,,45.02,,,not_scanned,,,,,,,-5.57,REDUCE / AVOID NEW,0.0
2026-08-21,PM,188.22999572753906,51.41,172.59,True,0.0,64,,26.13,,,not_scanned,,,,,,,4.16,BUY,0.75
2026-08-21,PSX,242.8699951171875,83.86,166.96,True,0.0,74,,33.89,,,not_scanned,,,,,,,3.56,BUY,0.75
2026-08-21,PNW,97.37999725341797,32.37,98.05,False,100.0,90,,25.9,,,not_scanned,,,,,,,-7.4,STRONG AVOID / EXIT,0.0
2026-08-21,PPG,113.62999725341797,49.13,110.56,True,0.0,63,,28.81,,,not_scanned,,,,,,,4.22,BUY,0.75
2026-08-21,PPL,34.380001068115234,41.01,36.38,False,0.0,22,,17.79,,,not_scanned,,,,,,,4.68,BUY,1.0
2026-08-21,PFG,110.75,30.31,97.41,True,100.0,74,,27.88,,,not_scanned,,,,,,,-4.44,REDUCE / AVOID NEW,0.0
2026-08-21,PG,144.69000244140625,49.06,147.64,False,0.0,64,,19.8,,,not_scanned,,,,,,,2.16,HOLD / NEUTRAL,0.0
2026-08-21,PGR,219.27999877929688,61.48,210.46,True,100.0,76,,30.19,,,not_scanned,,,,,,,-4.56,REDUCE / AVOID NEW,0.0
2026-08-21,PLD,141.8000030517578,43.29,136.52,True,100.0,10,,22.44,,,not_scanned,,,,,,,-0.6,HOLD / NEUTRAL,0.0
2026-08-21,PRU,121.1500015258789,43.67,107.28,True,100.0,2,,17.89,,,not_scanned,,,,,,,-0.13,HOLD / NEUTRAL,0.0
2026-08-21,PTC,154.67999267578125,67.99,150.08,True,100.0,96,,47.51,,,not_scanned,,,,,,,-5.75,REDUCE / AVOID NEW,0.0
2026-08-21,PSA,322.489990234375,42.72,295.97,True,100.0,33,,23.11,,,not_scanned,,,,,,,-1.98,HOLD / NEUTRAL,0.0
2026-08-21,PHM,129.0,49.57,124.83,True,0.0,43,,36.31,,,not_scanned,,,,,,,5.42,BUY,1.0
2026-08-21,PWR,639.3400268554688,40.17,579.24,True,0.0,53,,39.03,,,not_scanned,,,,,,,4.82,BUY,1.0
2026-08-21,QCOM,160.75,60.34,168.22,False,0.0,73,,43.32,,,not_scanned,,,,,,,1.62,HOLD / NEUTRAL,0.0
2026-08-21,DGX,244.38999938964844,78.14,198.18,True,100.0,49,,24.38,,,not_scanned,,,,,,,-2.94,HOLD / NEUTRAL,0.0
2026-08-21,Q,128.88999938964844,46.43,120.14,True,0.0,42,,60.51,,,not_scanned,,,,,,,5.48,BUY,1.0
2026-08-21,RDDT,153.2899932861328,49.2,176.59,False,100.0,7,,61.14,,,not_scanned,,,,,,,-2.43,HOLD / NEUTRAL,0.0
2026-08-21,RTX,209.91000366210938,40.32,191.54,True,0.0,46,,23.45,,,not_scanned,,,,,,,5.24,BUY,1.0
2026-08-21,O,62.599998474121094,41.57,61.59,True,100.0,23,,15.36,,,not_scanned,,,,,,,-1.38,HOLD / NEUTRAL,0.0
2026-08-21,REG,76.05999755859375,21.51,75.62,True,100.0,13,,18.78,,,not_scanned,,,,,,,-0.78,HOLD / NEUTRAL,0.0
2026-08-21,RF,30.40999984741211,34.31,28.18,True,100.0,1,,22.28,,,not_scanned,,,,,,,-0.07,HOLD / NEUTRAL,0.0
2026-08-21,RSG,220.6699981689453,75.13,214.23,True,100.0,91,,28.19,,,not_scanned,,,,,,,-5.46,REDUCE / AVOID NEW,0.0
2026-08-21,RMD,231.52000427246094,63.97,229.13,True,100.0,17,,30.25,,,not_scanned,,,,,,,-1.02,HOLD / NEUTRAL,0.0
2026-08-21,RVTY,124.75,67.27,100.58,True,100.0,68,,44.8,,,not_scanned,,,,,,,-4.08,REDUCE / AVOID NEW,0.0
2026-08-21,HOOD,108.12999725341797,71.14,96.08,True,100.0,11,,59.5,,,not_scanned,,,,,,,-0.66,HOLD / NEUTRAL,0.0
2026-08-21,ROK,437.0799865722656,29.07,417.98,True,0.0,44,,32.01,,,not_scanned,,,,,,,5.36,BUY,1.0
2026-08-21,ROL,36.90999984741211,37.2,53.39,False,100.0,69,,29.83,,,not_scanned,,,,,,,-6.14,REDUCE / AVOID NEW,0.0
2026-08-21,ROP,411.7900085449219,67.22,377.59,True,100.0,76,,33.27,,,not_scanned,,,,,,,-4.56,REDUCE / AVOID NEW,0.0
2026-08-21,ROST,239.0399932861328,34.69,209.05,True,100.0,89,,37.96,,,not_scanned,,,,,,,-5.34,REDUCE / AVOID NEW,0.0
2026-08-21,RCL,292.0,20.47,286.85,True,0.0,42,,38.66,,,not_scanned,,,,,,,5.48,BUY,1.0
2026-08-21,SPGI,431.2900085449219,61.13,431.62,False,100.0,74,,28.36,,,not_scanned,,,,,,,-6.44,REDUCE / AVOID NEW,0.0
2026-08-21,CRM,209.1699981689453,67.55,200.82,True,100.0,90,,50.47,,,not_scanned,,,,,,,-5.4,REDUCE / AVOID NEW,0.0
2026-08-21,SNDK,1596.0799560546875,63.01,939.21,True,0.0,41,,84.22,,,not_scanned,,,,,,,5.54,BUY,1.0
2026-08-21,SBAC,182.58999633789062,53.69,193.44,False,0.0,49,,30.05,,,not_scanned,,,,,,,3.06,BUY,1.0
2026-08-21,SLB,53.869998931884766,67.65,48.07,True,100.0,25,,30.52,,,not_scanned,,,,,,,-1.5,HOLD / NEUTRAL,0.0
2026-08-21,STX,850.0,52.04,565.87,True,0.0,100,,142.71,,,not_scanned,,,,,,,2.01,HOLD / NEUTRAL,0.0
2026-08-21,SRE,82.91000366210938,35.01,91.43,False,0.0,85,,27.04,,,not_scanned,,,,,,,0.9,HOLD / NEUTRAL,0.0
2026-08-21,NOW,128.47999572753906,66.63,120.31,True,100.0,77,,53.33,,,not_scanned,,,,,,,-4.62,REDUCE / AVOID NEW,0.0
2026-08-21,SHW,346.5899963378906,44.84,334.07,True,0.0,53,,25.51,,,not_scanned,,,,,,,4.82,BUY,1.0
2026-08-21,SWKS,67.13999938964844,66.19,63.92,True,100.0,80,,49.88,,,not_scanned,,,,,,,-4.8,REDUCE / AVOID NEW,0.0
2026-08-21,SJM,124.31999969482422,66.72,105.71,True,100.0,93,,31.3,,,not_scanned,,,,,,,-5.57,REDUCE / AVOID NEW,0.0
2026-08-21,SW,49.38999938964844,58.78,41.82,True,0.0,57,,39.46,,,not_scanned,,,,,,,4.58,BUY,1.0
2026-08-21,SNA,393.3900146484375,31.72,374.02,True,100.0,13,,21.96,,,not_scanned,,,,,,,-0.78,HOLD / NEUTRAL,0.0
2026-08-21,SOLV,89.56999969482422,54.29,76.42,True,100.0,8,,29.25,,,not_scanned,,,,,,,-0.49,HOLD / NEUTRAL,0.0
2026-08-21,LUV,40.380001068115234,23.39,42.7,False,100.0,25,,35.7,,,not_scanned,,,,,,,-3.5,REDUCE / AVOID NEW,0.0
2026-08-21,SWK,100.0199966430664,54.35,80.45,True,100.0,22,,31.23,,,not_scanned,,,,,,,-1.32,HOLD / NEUTRAL,0.0
2026-08-21,SBUX,107.08000183105469,61.02,96.53,True,100.0,24,,27.15,,,not_scanned,,,,,,,-1.44,HOLD / NEUTRAL,0.0
2026-08-21,STT,187.1300048828125,56.04,145.26,True,100.0,66,,29.89,,,not_scanned,,,,,,,-3.96,REDUCE / AVOID NEW,0.0
2026-08-21,STLD,228.67999267578125,32.16,206.16,True,100.0,70,,41.09,,,not_scanned,,,,,,,-4.2,REDUCE / AVOID NEW,0.0
2026-08-21,SYK,329.45001220703125,39.67,340.48,False,100.0,79,,28.88,,,not_scanned,,,,,,,-6.74,REDUCE / AVOID NEW,0.0
2026-08-21,SMCI,37.2400016784668,71.61,31.45,True,100.0,43,,78.88,,,not_scanned,,,,,,,-2.58,HOLD / NEUTRAL,0.0
2026-08-21,SYF,79.47000122070312,56.61,74.83,True,100.0,16,,31.45,,,not_scanned,,,,,,,-0.96,HOLD / NEUTRAL,0.0
2026-08-21,SNPS,397.8699951171875,54.12,446.11,False,100.0,84,,51.33,,,not_scanned,,,,,,,-7.04,STRONG AVOID / EXIT,0.0
2026-08-21,SYY,84.0999984741211,45.66,79.02,True,100.0,64,,22.33,,,not_scanned,,,,,,,-3.84,REDUCE / AVOID NEW,0.0
2026-08-21,TMUS,183.0399932861328,59.45,195.96,False,100.0,76,,30.73,,,not_scanned,,,,,,,-6.56,REDUCE / AVOID NEW,0.0
2026-08-21,TROW,111.51000213623047,41.06,103.19,True,0.0,43,,24.15,,,not_scanned,,,,,,,5.42,BUY,1.0
2026-08-21,TTWO,239.6199951171875,45.79,228.7,True,0.0,80,,44.24,,,not_scanned,,,,,,,3.2,BUY,0.5
2026-08-21,TRGP,299.1000061035156,71.85,231.79,True,100.0,50,,32.22,,,not_scanned,,,,,,,-3.0,REDUCE / AVOID NEW,0.0
2026-08-21,TGT,165.4199981689453,75.83,118.82,True,100.0,81,,41.91,,,not_scanned,,,,,,,-4.86,REDUCE / AVOID NEW,0.0
2026-08-21,TEL,203.52999877929688,48.59,218.11,False,0.0,81,,40.23,,,not_scanned,,,,,,,1.14,HOLD / NEUTRAL,0.0
2026-08-21,TDY,636.1500244140625,33.44,608.46,True,0.0,,,,,,not_scanned,,,,,,,5.0,BUY,1.0
2026-08-21,TER,375.739990234375,52.17,307.46,True,0.0,84,,72.95,,,not_scanned,,,,,,,2.96,HOLD / NEUTRAL,0.0
2026-08-21,TXN,264.3599853515625,46.71,234.47,True,0.0,85,,42.46,,,not_scanned,,,,,,,2.9,HOLD / NEUTRAL,0.0
2026-08-21,TPL,383.6400146484375,42.97,389.45,False,0.0,20,,44.7,,,not_scanned,,,,,,,4.8,BUY,1.0
2026-08-21,TXT,82.94999694824219,38.73,90.05,False,100.0,52,,27.88,,,not_scanned,,,,,,,-5.12,REDUCE / AVOID NEW,0.0
2026-08-21,TMO,629.27001953125,74.49,533.8,True,100.0,31,,25.09,,,not_scanned,,,,,,,-1.86,HOLD / NEUTRAL,0.0
2026-08-21,TJX,140.50999450683594,20.2,155.23,False,100.0,89,,27.36,,,not_scanned,,,,,,,-7.34,STRONG AVOID / EXIT,0.0
2026-08-21,TKO,193.13999938964844,59.42,197.1,False,100.0,48,,35.08,,,not_scanned,,,,,,,-4.88,REDUCE / AVOID NEW,0.0
2026-08-21,TTD,13.180000305175781,24.3,26.54,False,0.0,52,,58.33,,,not_scanned,,,,,,,2.88,HOLD / NEUTRAL,0.0
2026-08-21,TSCO,34.97999954223633,69.68,42.86,False,100.0,84,,38.19,,,not_scanned,,,,,,,-7.04,STRONG AVOID / EXIT,0.0
2026-08-21,TT,453.42999267578125,45.34,443.25,True,0.0,40,,29.22,,,not_scanned,,,,,,,5.6,BUY,1.0
2026-08-21,TDG,1200.3499755859375,30.62,1275.53,False,0.0,71,,29.76,,,not_scanned,,,,,,,1.74,HOLD / NEUTRAL,0.0
2026-08-21,TRV,363.5799865722656,39.04,308.09,True,0.0,38,,23.07,,,not_scanned,,,,,,,5.72,BUY,1.0
2026-08-21,TRMB,60.25,58.13,65.75,False,100.0,77,,40.48,,,not_scanned,,,,,,,-6.62,REDUCE / AVOID NEW,0.0
2026-08-21,TYL,350.7300109863281,76.06,362.49,False,100.0,69,,47.18,,,not_scanned,,,,,,,-6.14,REDUCE / AVOID NEW,0.0
2026-08-21,TSN,58.47999954223633,43.51,60.38,False,100.0,24,,21.88,,,not_scanned,,,,,,,-3.44,REDUCE / AVOID NEW,0.0
2026-08-21,USB,62.04999923706055,34.83,55.95,True,100.0,2,,21.02,,,not_scanned,,,,,,,-0.13,HOLD / NEUTRAL,0.0
2026-08-21,UBER,78.80000305175781,65.14,77.1,True,100.0,6,,33.69,,,not_scanned,,,,,,,-0.37,HOLD / NEUTRAL,0.0
2026-08-21,UDR,37.77000045776367,39.15,36.97,True,100.0,87,,28.53,,,not_scanned,,,,,,,-5.22,REDUCE / AVOID NEW,0.0
2026-08-21,ULTA,521.4600219726562,46.11,555.2,False,0.0,86,,46.59,,,not_scanned,,,,,,,0.84,HOLD / NEUTRAL,0.0
2026-08-21,UNP,308.04998779296875,73.64,256.33,True,100.0,39,,21.76,,,not_scanned,,,,,,,-2.34,HOLD / NEUTRAL,0.0
2026-08-21,UAL,113.16999816894531,28.45,107.51,True,100.0,10,,41.05,,,not_scanned,,,,,,,-0.6,HOLD / NEUTRAL,0.0
2026-08-21,UPS,102.00499725341797,36.1,104.42,False,100.0,28,,24.41,,,not_scanned,,,,,,,-3.68,REDUCE / AVOID NEW,0.0
2026-08-21,URI,1098.510009765625,46.04,918.22,True,100.0,38,,33.54,,,not_scanned,,,,,,,-2.28,HOLD / NEUTRAL,0.0
2026-08-21,UNH,390.1099853515625,31.39,347.99,True,0.0,28,,27.62,,,not_scanned,,,,,,,6.32,BUY,1.0
2026-08-21,UHS,177.25999450683594,63.49,188.73,False,100.0,53,,36.47,,,not_scanned,,,,,,,-5.18,REDUCE / AVOID NEW,0.0
2026-08-21,VLO,348.8599853515625,74.91,230.68,True,0.0,87,,43.23,,,not_scanned,,,,,,,2.78,HOLD / NEUTRAL,0.0
2026-08-21,VEEV,247.89999389648438,77.24,199.75,True,0.0,90,,52.06,,,not_scanned,,,,,,,2.6,HOLD / NEUTRAL,0.0
2026-08-21,VTR,93.05999755859375,56.8,84.38,True,0.0,64,,25.19,,,not_scanned,,,,,,,4.16,BUY,0.75
2026-08-21,VLTO,98.7699966430664,63.26,93.46,True,0.0,60,,29.56,,,not_scanned,,,,,,,4.4,BUY,0.75
2026-08-21,VRSN,281.79998779296875,34.65,259.5,True,100.0,74,,31.78,,,not_scanned,,,,,,,-4.44,REDUCE / AVOID NEW,0.0
2026-08-21,VRSK,187.5,44.03,195.84,False,100.0,81,,38.55,,,not_scanned,,,,,,,-6.86,REDUCE / AVOID NEW,0.0
2026-08-21,VZ,49.45000076293945,68.37,45.23,True,100.0,67,,22.01,,,not_scanned,,,,,,,-4.02,REDUCE / AVOID NEW,0.0
2026-08-21,VRTX,548.0499877929688,75.72,459.97,True,100.0,48,,29.22,,,not_scanned,,,,,,,-2.88,HOLD / NEUTRAL,0.0
2026-08-21,VRT,261.95001220703125,49.38,253.17,True,0.0,45,,60.35,,,not_scanned,,,,,,,5.3,BUY,1.0
2026-08-21,VTRS,16.31999969482422,25.47,14.42,True,0.0,23,,30.71,,,not_scanned,,,,,,,6.62,BUY,1.0
2026-08-21,VICI,26.510000228881836,49.48,28.08,False,0.0,37,,17.86,,,not_scanned,,,,,,,3.78,BUY,1.0
2026-08-21,V,371.0400085449219,55.86,331.88,True,100.0,36,,20.64,,,not_scanned,,,,,,,-2.16,HOLD / NEUTRAL,0.0
2026-08-21,VMRK,66.79000091552734,46.52,63.55,True,100.0,,,,,,not_scanned,,,,,,,-3.0,REDUCE / AVOID NEW,0.0
2026-08-21,WRB,68.5999984741211,26.32,69.62,False,0.0,25,,24.14,,,not_scanned,,,,,,,4.5,BUY,1.0
2026-08-21,GWW,1312.239990234375,32.94,1159.16,True,0.0,56,,23.63,,,not_scanned,,,,,,,4.64,BUY,1.0
2026-08-21,WAB,297.57000732421875,51.47,250.04,True,100.0,65,,31.06,,,not_scanned,,,,,,,-3.9,REDUCE / AVOID NEW,0.0
2026-08-21,WMT,103.69999694824219,32.76,118.52,False,100.0,84,,30.41,,,not_scanned,,,,,,,-7.04,STRONG AVOID / EXIT,0.0
2026-08-21,DIS,107.7750015258789,73.6,104.09,True,100.0,19,,23.76,,,not_scanned,,,,,,,-1.14,HOLD / NEUTRAL,0.0
2026-08-21,WBD,28.549999237060547,82.54,27.0,True,100.0,8,,24.22,,,not_scanned,,,,,,,-0.49,HOLD / NEUTRAL,0.0
2026-08-21,WM,224.05999755859375,42.57,224.35,False,100.0,55,,20.59,,,not_scanned,,,,,,,-5.3,REDUCE / AVOID NEW,0.0
2026-08-21,WAT,410.70001220703125,70.28,358.96,True,0.0,51,,33.66,,,not_scanned,,,,,,,4.94,BUY,1.0
2026-08-21,WEC,106.01000213623047,37.6,112.0,False,0.0,55,,19.88,,,not_scanned,,,,,,,2.7,HOLD / NEUTRAL,0.0
2026-08-21,WFC,83.83000183105469,32.8,84.94,False,100.0,12,,23.89,,,not_scanned,,,,,,,-2.72,HOLD / NEUTRAL,0.0
2026-08-21,WELL,239.3000030517578,59.11,208.47,True,0.0,87,,28.48,,,not_scanned,,,,,,,2.78,HOLD / NEUTRAL,0.0
2026-08-21,WDC,459.44000244140625,39.69,358.27,True,0.0,70,,71.91,,,not_scanned,,,,,,,3.8,BUY,0.75
2026-08-21,WY,24.43000030517578,40.95,24.21,True,100.0,50,,26.33,,,not_scanned,,,,,,,-3.0,REDUCE / AVOID NEW,0.0
2026-08-21,WSM,237.5800018310547,47.06,202.39,True,100.0,58,,45.24,,,not_scanned,,,,,,,-3.48,REDUCE / AVOID NEW,0.0
2026-08-21,WMB,70.48999786376953,50.18,69.43,True,0.0,26,,23.05,,,not_scanned,,,,,,,6.44,BUY,1.0
2026-08-21,WTW,341.989990234375,50.4,299.28,True,100.0,71,,31.5,,,not_scanned,,,,,,,-4.26,REDUCE / AVOID NEW,0.0
2026-08-21,WDAY,200.00999450683594,69.72,161.65,True,100.0,72,,49.14,,,not_scanned,,,,,,,-4.32,REDUCE / AVOID NEW,0.0
2026-08-21,WYNN,100.27999877929688,56.51,108.6,False,0.0,19,,33.15,,,not_scanned,,,,,,,4.86,BUY,1.0
2026-08-21,XEL,76.30000305175781,42.16,78.85,False,100.0,15,,18.67,,,not_scanned,,,,,,,-2.9,HOLD / NEUTRAL,0.0
2026-08-21,XYL,113.41999816894531,37.29,126.16,False,0.0,71,,29.08,,,not_scanned,,,,,,,1.74,HOLD / NEUTRAL,0.0
2026-08-21,YUM,152.99200439453125,56.23,154.63,False,100.0,90,,26.8,,,not_scanned,,,,,,,-7.4,STRONG AVOID / EXIT,0.0
2026-08-21,ZBRA,368.510009765625,76.38,252.05,True,0.0,97,,63.86,,,not_scanned,,,,,,,2.19,HOLD / NEUTRAL,0.0
2026-08-21,ZBH,100.9800033569336,60.47,90.89,True,100.0,68,,31.19,,,not_scanned,,,,,,,-4.08,REDUCE / AVOID NEW,0.0
2026-08-21,ZTS,77.73999786376953,51.14,105.24,False,100.0,73,,35.14,,,not_scanned,,,,,,,-6.38,REDUCE / AVOID NEW,0.0
